England,Bedfordshire
England,Buckinghamshire
England,Cambridgeshire
England,Cheshire
England,Cleveland
England,Cornwall
England,Cumbria
England,Derbyshire
England,Devon
England,Dorset
England,Durham
England,East Sussex
England,Essex
England,Gloucestershire
England,Greater London
England,Greater Manchester
England,Hampshire
England,Hertfordshire
England,Kent
England,Lancashire
England,Leicestershire
England,Lincolnshire
England,Merseyside
England,Norfolk
England,North Yorkshire
England,Northamptonshire
England,Northumberland
England,Nottinghamshire
England,Oxfordshire
England,Shropshire
England,Somerset
England,South Yorkshire
England,Staffordshire
England,Suffolk
England,Surrey
England,Tyne and Wear
England,Warwickshire
England,West Berkshire
England,West Midlands
England,West Sussex
England,West Yorkshire
England,Wiltshire
England,Worcestershire
Wales,Flintshire
Wales,Glamorgan
Wales,Merionethshire
Wales,Monmouthshire
Wales,Montgomeryshire
Wales,Pembrokeshire
Wales,Radnorshire
Wales,Anglesey
Wales,Breconshire
Wales,Caernarvonshire
Wales,Cardiganshire
Wales,Carmarthenshire
Wales,Denbighshire
Scotland,Aberdeen City
Scotland,Aberdeenshire
Scotland,Angus
Scotland,Argyll and Bute
Scotland,City of Edinburgh
Scotland,Clackmannanshire
Scotland,Dumfries and Galloway
Scotland,Dundee City
Scotland,East Ayrshire
Scotland,East Dunbartonshire
Scotland,East Lothian
Scotland,East Renfrewshire
Scotland,Eilean Siar
Scotland,Falkirk
Scotland,Fife
Scotland,Glasgow City
Scotland,Highland
Scotland,Inverclyde
Scotland,Midlothian
Scotland,Moray
Scotland,North Ayrshire
Scotland,North Lanarkshire
Scotland,Orkney Islands
Scotland,Perth and Kinross
Scotland,Renfrewshire
Scotland,Scottish Borders
Scotland,Shetland Islands
Scotland,South Ayrshire
Scotland,South Lanarkshire
Scotland,Stirling
Scotland,West Dunbartonshire
Scotland,West Lothian
Northern Ireland,Antrim
Northern Ireland,Armagh
Northern Ireland,Down
Northern Ireland,Fermanagh
Northern Ireland,Derry and Londonderry
Northern Ireland,Tyrone